STRUCTURE,STRUCTURE_ID,STRUCTURE_NAME,freq,Time frequency,unit,Unit of measure,geo,Geopolitical entity (reporting),TIME_PERIOD,Time,OBS_VALUE,Observation value,OBS_FLAG,Observation status (Flag) V2 structure,CONF_STATUS,Confidentiality status (flag)
dataflow,ESTAT:TGS00107(1.0),People at risk of poverty or social exclusion by NUTS 2 region,A,Annual,PC_POP,Percentage of total population,AL01,Veri,2017,,62.0,,,,,
dataflow,ESTAT:TGS00107(1.0),People at risk of poverty or social exclusion by NUTS 2 region,A,Annual,PC_POP,Percentage of total population,AL01,Veri,2018,,54.3,,,,,
dataflow,ESTAT:TGS00107(1.0),People at risk of poverty or social exclusion by NUTS 2 region,A,Annual,PC_POP,Percentage of total population,AL01,Veri,2019,,55.4,,,,,
dataflow,ESTAT:TGS00107(1.0),People at risk of poverty or social exclusion by NUTS 2 region,A,Annual,PC_POP,Percentage of total population,AL02,Qender,2017,,56.6,,,,,
dataflow,ESTAT:TGS00107(1.0),People at risk of poverty or social exclusion by NUTS 2 region,A,Annual,PC_POP,Percentage of total population,AL02,Qender,2018,,54.3,,,,,
dataflow,ESTAT:TGS00107(1.0),People at risk of poverty or social exclusion by NUTS 2 region,A,Annual,PC_POP,Percentage of total population,AL02,Qender,2019,,49.2,,,,,
dataflow,ESTAT:TGS00107(1.0),People at risk of poverty or social exclusion by NUTS 2 region,A,Annual,PC_POP,Percentage of total population,AL03,Jug,2017,,57.7,,,,,
dataflow,ESTAT:TGS00107(1.0),People at risk of poverty or social exclusion by NUTS 2 region,A,Annual,PC_POP,Percentage of total population,AL03,Jug,2018,,53.2,,,,,
dataflow,ESTAT:TGS00107(1.0),People at risk of poverty or social exclusion by NUTS 2 region,A,Annual,PC_POP,Percentage of total population,AL03,Jug,2019,,48.4,,,,,
dataflow,ESTAT:TGS00107(1.0),People at risk of poverty or social exclusion by NUTS 2 region,A,Annual,PC_POP,Percentage of total population,BG31,Severozapaden,2017,,47.4,,,,,
dataflow,ESTAT:TGS00107(1.0),People at risk of poverty or social exclusion by NUTS 2 region,A,Annual,PC_POP,Percentage of total population,BG31,Severozapaden,2018,,42.0,,,,,
dataflow,ESTAT:TGS00107(1.0),People at risk of poverty or social exclusion by NUTS 2 region,A,Annual,PC_POP,Percentage of total population,BG31,Severozapaden,2019,,41.6,,,,,
dataflow,ESTAT:TGS00107(1.0),People at risk of poverty or social exclusion by NUTS 2 region,A,Annual,PC_POP,Percentage of total population,BG32,Severen tsentralen,2017,,43.0,,,,,
dataflow,ESTAT:TGS00107(1.0),People at risk of poverty or social exclusion by NUTS 2 region,A,Annual,PC_POP,Percentage of total population,BG32,Severen tsentralen,2018,,34.5,,,,,
dataflow,ESTAT:TGS00107(1.0),People at risk of poverty or social exclusion by NUTS 2 region,A,Annual,PC_POP,Percentage of total population,BG32,Severen tsentralen,2019,,37.6,,,,,
dataflow,ESTAT:TGS00107(1.0),People at risk of poverty or social exclusion by NUTS 2 region,A,Annual,PC_POP,Percentage of total population,BG33,Severoiztochen,2017,,40.4,,,,,
dataflow,ESTAT:TGS00107(1.0),People at risk of poverty or social exclusion by NUTS 2 region,A,Annual,PC_POP,Percentage of total population,BG33,Severoiztochen,2018,,34.5,,,,,
dataflow,ESTAT:TGS00107(1.0),People at risk of poverty or social exclusion by NUTS 2 region,A,Annual,PC_POP,Percentage of total population,BG33,Severoiztochen,2019,,33.7,,,,,
dataflow,ESTAT:TGS00107(1.0),People at risk of poverty or social exclusion by NUTS 2 region,A,Annual,PC_POP,Percentage of total population,BG34,Yugoiztochen,2017,,39.9,,,,,
dataflow,ESTAT:TGS00107(1.0),People at risk of poverty or social exclusion by NUTS 2 region,A,Annual,PC_POP,Percentage of total population,BG34,Yugoiztochen,2018,,36.2,,,,,
dataflow,ESTAT:TGS00107(1.0),People at risk of poverty or social exclusion by NUTS 2 region,A,Annual,PC_POP,Percentage of total population,BG34,Yugoiztochen,2019,,37.9,,,,,
dataflow,ESTAT:TGS00107(1.0),People at risk of poverty or social exclusion by NUTS 2 region,A,Annual,PC_POP,Percentage of total population,BG41,Yugozapaden,2017,,26.0,,,,,
dataflow,ESTAT:TGS00107(1.0),People at risk of poverty or social exclusion by NUTS 2 region,A,Annual,PC_POP,Percentage of total population,BG41,Yugozapaden,2018,,22.8,,,,,
dataflow,ESTAT:TGS00107(1.0),People at risk of poverty or social exclusion by NUTS 2 region,A,Annual,PC_POP,Percentage of total population,BG41,Yugozapaden,2019,,22.7,,,,,
dataflow,ESTAT:TGS00107(1.0),People at risk of poverty or social exclusion by NUTS 2 region,A,Annual,PC_POP,Percentage of total population,BG42,Yuzhen tsentralen,2017,,45.0,,,,,
dataflow,ESTAT:TGS00107(1.0),People at risk of poverty or social exclusion by NUTS 2 region,A,Annual,PC_POP,Percentage of total population,BG42,Yuzhen tsentralen,2018,,39.2,,,,,
dataflow,ESTAT:TGS00107(1.0),People at risk of poverty or social exclusion by NUTS 2 region,A,Annual,PC_POP,Percentage of total population,BG42,Yuzhen tsentralen,2019,,38.1,,,,,
dataflow,ESTAT:TGS00107(1.0),People at risk of poverty or social exclusion by NUTS 2 region,A,Annual,PC_POP,Percentage of total population,CH01,Région lémanique,2017,,20.4,,,,,
dataflow,ESTAT:TGS00107(1.0),People at risk of poverty or social exclusion by NUTS 2 region,A,Annual,PC_POP,Percentage of total population,CH01,Région lémanique,2018,,21.2,,,,,
dataflow,ESTAT:TGS00107(1.0),People at risk of poverty or social exclusion by NUTS 2 region,A,Annual,PC_POP,Percentage of total population,CH01,Région lémanique,2019,,26.1,,,,,
dataflow,ESTAT:TGS00107(1.0),People at risk of poverty or social exclusion by NUTS 2 region,A,Annual,PC_POP,Percentage of total population,CH02,Espace Mittelland,2017,,19.7,,,,,
dataflow,ESTAT:TGS00107(1.0),People at risk of poverty or social exclusion by NUTS 2 region,A,Annual,PC_POP,Percentage of total population,CH02,Espace Mittelland,2018,,19.1,,,,,
dataflow,ESTAT:TGS00107(1.0),People at risk of poverty or social exclusion by NUTS 2 region,A,Annual,PC_POP,Percentage of total population,CH02,Espace Mittelland,2019,,21.1,,,,,
dataflow,ESTAT:TGS00107(1.0),People at risk of poverty or social exclusion by NUTS 2 region,A,Annual,PC_POP,Percentage of total population,CH03,Nordwestschweiz,2017,,17.3,,,,,
dataflow,ESTAT:TGS00107(1.0),People at risk of poverty or social exclusion by NUTS 2 region,A,Annual,PC_POP,Percentage of total population,CH03,Nordwestschweiz,2018,,18.2,,,,,
dataflow,ESTAT:TGS00107(1.0),People at risk of poverty or social exclusion by NUTS 2 region,A,Annual,PC_POP,Percentage of total population,CH03,Nordwestschweiz,2019,,18.8,,,,,
dataflow,ESTAT:TGS00107(1.0),People at risk of poverty or social exclusion by NUTS 2 region,A,Annual,PC_POP,Percentage of total population,CH04,Zürich,2017,,14.3,,,,,
dataflow,ESTAT:TGS00107(1.0),People at risk of poverty or social exclusion by NUTS 2 region,A,Annual,PC_POP,Percentage of total population,CH04,Zürich,2018,,11.9,,,,,
dataflow,ESTAT:TGS00107(1.0),People at risk of poverty or social exclusion by NUTS 2 region,A,Annual,PC_POP,Percentage of total population,CH04,Zürich,2019,,13.1,,,,,
dataflow,ESTAT:TGS00107(1.0),People at risk of poverty or social exclusion by NUTS 2 region,A,Annual,PC_POP,Percentage of total population,CH05,Ostschweiz,2017,,17.9,,,,,
dataflow,ESTAT:TGS00107(1.0),People at risk of poverty or social exclusion by NUTS 2 region,A,Annual,PC_POP,Percentage of total population,CH05,Ostschweiz,2018,,17.7,,,,,
dataflow,ESTAT:TGS00107(1.0),People at risk of poverty or social exclusion by NUTS 2 region,A,Annual,PC_POP,Percentage of total population,CH05,Ostschweiz,2019,,17.2,,,,,
dataflow,ESTAT:TGS00107(1.0),People at risk of poverty or social exclusion by NUTS 2 region,A,Annual,PC_POP,Percentage of total population,CH06,Zentralschweiz,2017,,13.6,,,,,
dataflow,ESTAT:TGS00107(1.0),People at risk of poverty or social exclusion by NUTS 2 region,A,Annual,PC_POP,Percentage of total population,CH06,Zentralschweiz,2018,,12.5,,,,,
dataflow,ESTAT:TGS00107(1.0),People at risk of poverty or social exclusion by NUTS 2 region,A,Annual,PC_POP,Percentage of total population,CH06,Zentralschweiz,2019,,14.2,,,,,
dataflow,ESTAT:TGS00107(1.0),People at risk of poverty or social exclusion by NUTS 2 region,A,Annual,PC_POP,Percentage of total population,CH07,Ticino,2017,,34.0,,,,,
dataflow,ESTAT:TGS00107(1.0),People at risk of poverty or social exclusion by NUTS 2 region,A,Annual,PC_POP,Percentage of total population,CH07,Ticino,2018,,30.2,,,,,
dataflow,ESTAT:TGS00107(1.0),People at risk of poverty or social exclusion by NUTS 2 region,A,Annual,PC_POP,Percentage of total population,CH07,Ticino,2019,,26.7,,,,,
dataflow,ESTAT:TGS00107(1.0),People at risk of poverty or social exclusion by NUTS 2 region,A,Annual,PC_POP,Percentage of total population,CZ01,Praha,2017,,9.8,,,,,
dataflow,ESTAT:TGS00107(1.0),People at risk of poverty or social exclusion by NUTS 2 region,A,Annual,PC_POP,Percentage of total population,CZ01,Praha,2018,,8.3,,,,,
dataflow,ESTAT:TGS00107(1.0),People at risk of poverty or social exclusion by NUTS 2 region,A,Annual,PC_POP,Percentage of total population,CZ01,Praha,2019,,7.7,,,,,
dataflow,ESTAT:TGS00107(1.0),People at risk of poverty or social exclusion by NUTS 2 region,A,Annual,PC_POP,Percentage of total population,CZ02,Střední Čechy,2017,,11.0,,,,,
dataflow,ESTAT:TGS00107(1.0),People at risk of poverty or social exclusion by NUTS 2 region,A,Annual,PC_POP,Percentage of total population,CZ02,Střední Čechy,2018,,9.4,,,,,
dataflow,ESTAT:TGS00107(1.0),People at risk of poverty or social exclusion by NUTS 2 region,A,Annual,PC_POP,Percentage of total population,CZ02,Střední Čechy,2019,,9.6,,,,,
dataflow,ESTAT:TGS00107(1.0),People at risk of poverty or social exclusion by NUTS 2 region,A,Annual,PC_POP,Percentage of total population,CZ03,Jihozápad,2017,,9.3,,,,,
dataflow,ESTAT:TGS00107(1.0),People at risk of poverty or social exclusion by NUTS 2 region,A,Annual,PC_POP,Percentage of total population,CZ03,Jihozápad,2018,,9.4,,,,,
dataflow,ESTAT:TGS00107(1.0),People at risk of poverty or social exclusion by NUTS 2 region,A,Annual,PC_POP,Percentage of total population,CZ03,Jihozápad,2019,,9.3,,,,,
dataflow,ESTAT:TGS00107(1.0),People at risk of poverty or social exclusion by NUTS 2 region,A,Annual,PC_POP,Percentage of total population,CZ04,Severozápad,2017,,16.1,,,,,
dataflow,ESTAT:TGS00107(1.0),People at risk of poverty or social exclusion by NUTS 2 region,A,Annual,PC_POP,Percentage of total population,CZ04,Severozápad,2018,,17.0,,,,,
dataflow,ESTAT:TGS00107(1.0),People at risk of poverty or social exclusion by NUTS 2 region,A,Annual,PC_POP,Percentage of total population,CZ04,Severozápad,2019,,19.7,,,,,
dataflow,ESTAT:TGS00107(1.0),People at risk of poverty or social exclusion by NUTS 2 region,A,Annual,PC_POP,Percentage of total population,CZ05,Severovýchod,2017,,10.1,,,,,
dataflow,ESTAT:TGS00107(1.0),People at risk of poverty or social exclusion by NUTS 2 region,A,Annual,PC_POP,Percentage of total population,CZ05,Severovýchod,2018,,11.6,,,,,
dataflow,ESTAT:TGS00107(1.0),People at risk of poverty or social exclusion by NUTS 2 region,A,Annual,PC_POP,Percentage of total population,CZ05,Severovýchod,2019,,12.4,,,,,
dataflow,ESTAT:TGS00107(1.0),People at risk of poverty or social exclusion by NUTS 2 region,A,Annual,PC_POP,Percentage of total population,CZ06,Jihovýchod,2017,,11.0,,,,,
dataflow,ESTAT:TGS00107(1.0),People at risk of poverty or social exclusion by NUTS 2 region,A,Annual,PC_POP,Percentage of total population,CZ06,Jihovýchod,2018,,11.3,,,,,
dataflow,ESTAT:TGS00107(1.0),People at risk of poverty or social exclusion by NUTS 2 region,A,Annual,PC_POP,Percentage of total population,CZ06,Jihovýchod,2019,,11.9,,,,,
dataflow,ESTAT:TGS00107(1.0),People at risk of poverty or social exclusion by NUTS 2 region,A,Annual,PC_POP,Percentage of total population,CZ07,Střední Morava,2017,,11.2,,,,,
dataflow,ESTAT:TGS00107(1.0),People at risk of poverty or social exclusion by NUTS 2 region,A,Annual,PC_POP,Percentage of total population,CZ07,Střední Morava,2018,,12.5,,,,,
dataflow,ESTAT:TGS00107(1.0),People at risk of poverty or social exclusion by NUTS 2 region,A,Annual,PC_POP,Percentage of total population,CZ07,Střední Morava,2019,,12.8,,,,,
dataflow,ESTAT:TGS00107(1.0),People at risk of poverty or social exclusion by NUTS 2 region,A,Annual,PC_POP,Percentage of total population,CZ08,Moravskoslezsko,2017,,19.7,,,,,
dataflow,ESTAT:TGS00107(1.0),People at risk of poverty or social exclusion by NUTS 2 region,A,Annual,PC_POP,Percentage of total population,CZ08,Moravskoslezsko,2018,,16.0,,,,,
dataflow,ESTAT:TGS00107(1.0),People at risk of poverty or social exclusion by NUTS 2 region,A,Annual,PC_POP,Percentage of total population,CZ08,Moravskoslezsko,2019,,15.1,,,,,
dataflow,ESTAT:TGS00107(1.0),People at risk of poverty or social exclusion by NUTS 2 region,A,Annual,PC_POP,Percentage of total population,DK01,Hovedstaden,2017,,18.9,,,,,
dataflow,ESTAT:TGS00107(1.0),People at risk of poverty or social exclusion by NUTS 2 region,A,Annual,PC_POP,Percentage of total population,DK01,Hovedstaden,2018,,19.6,,,,,
dataflow,ESTAT:TGS00107(1.0),People at risk of poverty or social exclusion by NUTS 2 region,A,Annual,PC_POP,Percentage of total population,DK01,Hovedstaden,2019,,18.2,,,,,
dataflow,ESTAT:TGS00107(1.0),People at risk of poverty or social exclusion by NUTS 2 region,A,Annual,PC_POP,Percentage of total population,DK02,Sjælland,2017,,17.9,,,,,
dataflow,ESTAT:TGS00107(1.0),People at risk of poverty or social exclusion by NUTS 2 region,A,Annual,PC_POP,Percentage of total population,DK02,Sjælland,2018,,16.8,,,,,
dataflow,ESTAT:TGS00107(1.0),People at risk of poverty or social exclusion by NUTS 2 region,A,Annual,PC_POP,Percentage of total population,DK02,Sjælland,2019,,14.3,,,,,
dataflow,ESTAT:TGS00107(1.0),People at risk of poverty or social exclusion by NUTS 2 region,A,Annual,PC_POP,Percentage of total population,DK03,Syddanmark,2017,,17.6,,,,,
dataflow,ESTAT:TGS00107(1.0),People at risk of poverty or social exclusion by NUTS 2 region,A,Annual,PC_POP,Percentage of total population,DK03,Syddanmark,2018,,15.7,,,,,
dataflow,ESTAT:TGS00107(1.0),People at risk of poverty or social exclusion by NUTS 2 region,A,Annual,PC_POP,Percentage of total population,DK03,Syddanmark,2019,,18.1,,,,,
dataflow,ESTAT:TGS00107(1.0),People at risk of poverty or social exclusion by NUTS 2 region,A,Annual,PC_POP,Percentage of total population,DK04,Midtjylland,2017,,16.0,,,,,
dataflow,ESTAT:TGS00107(1.0),People at risk of poverty or social exclusion by NUTS 2 region,A,Annual,PC_POP,Percentage of total population,DK04,Midtjylland,2018,,15.8,,,,,
dataflow,ESTAT:TGS00107(1.0),People at risk of poverty or social exclusion by NUTS 2 region,A,Annual,PC_POP,Percentage of total population,DK04,Midtjylland,2019,,17.0,,,,,
dataflow,ESTAT:TGS00107(1.0),People at risk of poverty or social exclusion by NUTS 2 region,A,Annual,PC_POP,Percentage of total population,DK05,Nordjylland,2017,,18.4,,,,,
dataflow,ESTAT:TGS00107(1.0),People at risk of poverty or social exclusion by NUTS 2 region,A,Annual,PC_POP,Percentage of total population,DK05,Nordjylland,2018,,19.2,,,,,
dataflow,ESTAT:TGS00107(1.0),People at risk of poverty or social exclusion by NUTS 2 region,A,Annual,PC_POP,Percentage of total population,DK05,Nordjylland,2019,,17.7,,,,,
dataflow,ESTAT:TGS00107(1.0),People at risk of poverty or social exclusion by NUTS 2 region,A,Annual,PC_POP,Percentage of total population,EL30,Attiki,2018,,27.0,,,,,
dataflow,ESTAT:TGS00107(1.0),People at risk of poverty or social exclusion by NUTS 2 region,A,Annual,PC_POP,Percentage of total population,EL30,Attiki,2019,,24.5,,,,,
dataflow,ESTAT:TGS00107(1.0),People at risk of poverty or social exclusion by NUTS 2 region,A,Annual,PC_POP,Percentage of total population,EL41,Voreio Aigaio,2018,,31.9,,,,,
dataflow,ESTAT:TGS00107(1.0),People at risk of poverty or social exclusion by NUTS 2 region,A,Annual,PC_POP,Percentage of total population,EL41,Voreio Aigaio,2019,,30.7,,,,,
dataflow,ESTAT:TGS00107(1.0),People at risk of poverty or social exclusion by NUTS 2 region,A,Annual,PC_POP,Percentage of total population,EL42,Notio Aigaio,2018,,31.6,,,,,
dataflow,ESTAT:TGS00107(1.0),People at risk of poverty or social exclusion by NUTS 2 region,A,Annual,PC_POP,Percentage of total population,EL42,Notio Aigaio,2019,,30.1,,,,,
dataflow,ESTAT:TGS00107(1.0),People at risk of poverty or social exclusion by NUTS 2 region,A,Annual,PC_POP,Percentage of total population,EL43,Kriti,2018,,34.8,,,,,
dataflow,ESTAT:TGS00107(1.0),People at risk of poverty or social exclusion by NUTS 2 region,A,Annual,PC_POP,Percentage of total population,EL43,Kriti,2019,,30.5,,,,,
dataflow,ESTAT:TGS00107(1.0),People at risk of poverty or social exclusion by NUTS 2 region,A,Annual,PC_POP,Percentage of total population,EL51,"Anatoliki Makedonia, Thraki",2018,,33.5,,,,,
dataflow,ESTAT:TGS00107(1.0),People at risk of poverty or social exclusion by NUTS 2 region,A,Annual,PC_POP,Percentage of total population,EL51,"Anatoliki Makedonia, Thraki",2019,,34.0,,,,,
dataflow,ESTAT:TGS00107(1.0),People at risk of poverty or social exclusion by NUTS 2 region,A,Annual,PC_POP,Percentage of total population,EL52,Kentriki Makedonia,2018,,29.3,,,,,
dataflow,ESTAT:TGS00107(1.0),People at risk of poverty or social exclusion by NUTS 2 region,A,Annual,PC_POP,Percentage of total population,EL52,Kentriki Makedonia,2019,,30.6,,,,,
dataflow,ESTAT:TGS00107(1.0),People at risk of poverty or social exclusion by NUTS 2 region,A,Annual,PC_POP,Percentage of total population,EL53,Dytiki Makedonia,2018,,36.5,,,,,
dataflow,ESTAT:TGS00107(1.0),People at risk of poverty or social exclusion by NUTS 2 region,A,Annual,PC_POP,Percentage of total population,EL53,Dytiki Makedonia,2019,,33.6,,,,,
dataflow,ESTAT:TGS00107(1.0),People at risk of poverty or social exclusion by NUTS 2 region,A,Annual,PC_POP,Percentage of total population,EL54,Ipeiros,2018,,31.1,,,,,
dataflow,ESTAT:TGS00107(1.0),People at risk of poverty or social exclusion by NUTS 2 region,A,Annual,PC_POP,Percentage of total population,EL54,Ipeiros,2019,,26.8,,,,,
dataflow,ESTAT:TGS00107(1.0),People at risk of poverty or social exclusion by NUTS 2 region,A,Annual,PC_POP,Percentage of total population,EL61,Thessalia,2018,,32.9,,,,,
dataflow,ESTAT:TGS00107(1.0),People at risk of poverty or social exclusion by NUTS 2 region,A,Annual,PC_POP,Percentage of total population,EL61,Thessalia,2019,,28.3,,,,,
dataflow,ESTAT:TGS00107(1.0),People at risk of poverty or social exclusion by NUTS 2 region,A,Annual,PC_POP,Percentage of total population,EL62,Ionia Nisia,2018,,26.2,,,,,
dataflow,ESTAT:TGS00107(1.0),People at risk of poverty or social exclusion by NUTS 2 region,A,Annual,PC_POP,Percentage of total population,EL62,Ionia Nisia,2019,,22.3,,,,,
dataflow,ESTAT:TGS00107(1.0),People at risk of poverty or social exclusion by NUTS 2 region,A,Annual,PC_POP,Percentage of total population,EL63,Dytiki Elláda,2018,,41.1,,,,,
dataflow,ESTAT:TGS00107(1.0),People at risk of poverty or social exclusion by NUTS 2 region,A,Annual,PC_POP,Percentage of total population,EL63,Dytiki Elláda,2019,,39.8,,,,,
dataflow,ESTAT:TGS00107(1.0),People at risk of poverty or social exclusion by NUTS 2 region,A,Annual,PC_POP,Percentage of total population,EL64,Sterea Elláda,2018,,28.7,,,,,
dataflow,ESTAT:TGS00107(1.0),People at risk of poverty or social exclusion by NUTS 2 region,A,Annual,PC_POP,Percentage of total population,EL64,Sterea Elláda,2019,,28.3,,,,,
dataflow,ESTAT:TGS00107(1.0),People at risk of poverty or social exclusion by NUTS 2 region,A,Annual,PC_POP,Percentage of total population,EL65,Peloponnisos,2018,,29.2,,,,,
dataflow,ESTAT:TGS00107(1.0),People at risk of poverty or social exclusion by NUTS 2 region,A,Annual,PC_POP,Percentage of total population,EL65,Peloponnisos,2019,,35.1,,,,,
dataflow,ESTAT:TGS00107(1.0),People at risk of poverty or social exclusion by NUTS 2 region,A,Annual,PC_POP,Percentage of total population,ES11,Galicia,2017,,23.0,,,,,
dataflow,ESTAT:TGS00107(1.0),People at risk of poverty or social exclusion by NUTS 2 region,A,Annual,PC_POP,Percentage of total population,ES11,Galicia,2018,,24.1,,,,,
dataflow,ESTAT:TGS00107(1.0),People at risk of poverty or social exclusion by NUTS 2 region,A,Annual,PC_POP,Percentage of total population,ES11,Galicia,2019,,24.2,,,,,
dataflow,ESTAT:TGS00107(1.0),People at risk of poverty or social exclusion by NUTS 2 region,A,Annual,PC_POP,Percentage of total population,ES12,Principado de Asturias,2017,,17.8,,,,,
dataflow,ESTAT:TGS00107(1.0),People at risk of poverty or social exclusion by NUTS 2 region,A,Annual,PC_POP,Percentage of total population,ES12,Principado de Asturias,2018,,21.8,,,,,
dataflow,ESTAT:TGS00107(1.0),People at risk of poverty or social exclusion by NUTS 2 region,A,Annual,PC_POP,Percentage of total population,ES12,Principado de Asturias,2019,,25.0,,,,,
dataflow,ESTAT:TGS00107(1.0),People at risk of poverty or social exclusion by NUTS 2 region,A,Annual,PC_POP,Percentage of total population,ES13,Cantabria,2017,,20.5,,,,,
dataflow,ESTAT:TGS00107(1.0),People at risk of poverty or social exclusion by NUTS 2 region,A,Annual,PC_POP,Percentage of total population,ES13,Cantabria,2018,,24.4,,,,,
dataflow,ESTAT:TGS00107(1.0),People at risk of poverty or social exclusion by NUTS 2 region,A,Annual,PC_POP,Percentage of total population,ES13,Cantabria,2019,,19.8,,,,,
dataflow,ESTAT:TGS00107(1.0),People at risk of poverty or social exclusion by NUTS 2 region,A,Annual,PC_POP,Percentage of total population,ES21,País Vasco,2017,,15.0,,,,,
dataflow,ESTAT:TGS00107(1.0),People at risk of poverty or social exclusion by NUTS 2 region,A,Annual,PC_POP,Percentage of total population,ES21,País Vasco,2018,,12.2,,,,,
dataflow,ESTAT:TGS00107(1.0),People at risk of poverty or social exclusion by NUTS 2 region,A,Annual,PC_POP,Percentage of total population,ES21,País Vasco,2019,,15.0,,,,,
dataflow,ESTAT:TGS00107(1.0),People at risk of poverty or social exclusion by NUTS 2 region,A,Annual,PC_POP,Percentage of total population,ES22,Comunidad Foral de Navarra,2017,,13.2,,,,,
dataflow,ESTAT:TGS00107(1.0),People at risk of poverty or social exclusion by NUTS 2 region,A,Annual,PC_POP,Percentage of total population,ES22,Comunidad Foral de Navarra,2018,,13.1,,,,,
dataflow,ESTAT:TGS00107(1.0),People at risk of poverty or social exclusion by NUTS 2 region,A,Annual,PC_POP,Percentage of total population,ES22,Comunidad Foral de Navarra,2019,,12.4,,,,,
dataflow,ESTAT:TGS00107(1.0),People at risk of poverty or social exclusion by NUTS 2 region,A,Annual,PC_POP,Percentage of total population,ES23,La Rioja,2017,,13.9,,,,,
dataflow,ESTAT:TGS00107(1.0),People at risk of poverty or social exclusion by NUTS 2 region,A,Annual,PC_POP,Percentage of total population,ES23,La Rioja,2018,,19.1,,,,,
dataflow,ESTAT:TGS00107(1.0),People at risk of poverty or social exclusion by NUTS 2 region,A,Annual,PC_POP,Percentage of total population,ES23,La Rioja,2019,,15.8,,,,,
dataflow,ESTAT:TGS00107(1.0),People at risk of poverty or social exclusion by NUTS 2 region,A,Annual,PC_POP,Percentage of total population,ES24,Aragón,2017,,16.2,,,,,
dataflow,ESTAT:TGS00107(1.0),People at risk of poverty or social exclusion by NUTS 2 region,A,Annual,PC_POP,Percentage of total population,ES24,Aragón,2018,,17.8,,,,,
dataflow,ESTAT:TGS00107(1.0),People at risk of poverty or social exclusion by NUTS 2 region,A,Annual,PC_POP,Percentage of total population,ES24,Aragón,2019,,20.5,,,,,
dataflow,ESTAT:TGS00107(1.0),People at risk of poverty or social exclusion by NUTS 2 region,A,Annual,PC_POP,Percentage of total population,ES30,Comunidad de Madrid,2017,,21.7,,,,,
dataflow,ESTAT:TGS00107(1.0),People at risk of poverty or social exclusion by NUTS 2 region,A,Annual,PC_POP,Percentage of total population,ES30,Comunidad de Madrid,2018,,20.9,,,,,
dataflow,ESTAT:TGS00107(1.0),People at risk of poverty or social exclusion by NUTS 2 region,A,Annual,PC_POP,Percentage of total population,ES30,Comunidad de Madrid,2019,,20.2,,,,,
dataflow,ESTAT:TGS00107(1.0),People at risk of poverty or social exclusion by NUTS 2 region,A,Annual,PC_POP,Percentage of total population,ES41,Castilla y León,2017,,19.2,,,,,
dataflow,ESTAT:TGS00107(1.0),People at risk of poverty or social exclusion by NUTS 2 region,A,Annual,PC_POP,Percentage of total population,ES41,Castilla y León,2018,,19.8,,,,,
dataflow,ESTAT:TGS00107(1.0),People at risk of poverty or social exclusion by NUTS 2 region,A,Annual,PC_POP,Percentage of total population,ES41,Castilla y León,2019,,16.8,,,,,
dataflow,ESTAT:TGS00107(1.0),People at risk of poverty or social exclusion by NUTS 2 region,A,Annual,PC_POP,Percentage of total population,ES42,Castilla-La Mancha,2017,,34.9,,,,,
dataflow,ESTAT:TGS00107(1.0),People at risk of poverty or social exclusion by NUTS 2 region,A,Annual,PC_POP,Percentage of total population,ES42,Castilla-La Mancha,2018,,33.4,,,,,
dataflow,ESTAT:TGS00107(1.0),People at risk of poverty or social exclusion by NUTS 2 region,A,Annual,PC_POP,Percentage of total population,ES42,Castilla-La Mancha,2019,,31.0,,,,,
dataflow,ESTAT:TGS00107(1.0),People at risk of poverty or social exclusion by NUTS 2 region,A,Annual,PC_POP,Percentage of total population,ES43,Extremadura,2017,,44.9,,,,,
dataflow,ESTAT:TGS00107(1.0),People at risk of poverty or social exclusion by NUTS 2 region,A,Annual,PC_POP,Percentage of total population,ES43,Extremadura,2018,,43.7,,,,,
dataflow,ESTAT:TGS00107(1.0),People at risk of poverty or social exclusion by NUTS 2 region,A,Annual,PC_POP,Percentage of total population,ES43,Extremadura,2019,,36.9,,,,,
dataflow,ESTAT:TGS00107(1.0),People at risk of poverty or social exclusion by NUTS 2 region,A,Annual,PC_POP,Percentage of total population,ES51,Cataluña,2017,,20.2,,,,,
dataflow,ESTAT:TGS00107(1.0),People at risk of poverty or social exclusion by NUTS 2 region,A,Annual,PC_POP,Percentage of total population,ES51,Cataluña,2018,,18.9,,,,,
dataflow,ESTAT:TGS00107(1.0),People at risk of poverty or social exclusion by NUTS 2 region,A,Annual,PC_POP,Percentage of total population,ES51,Cataluña,2019,,18.8,,,,,
dataflow,ESTAT:TGS00107(1.0),People at risk of poverty or social exclusion by NUTS 2 region,A,Annual,PC_POP,Percentage of total population,ES52,Comunitat Valenciana,2017,,31.9,,,,,
dataflow,ESTAT:TGS00107(1.0),People at risk of poverty or social exclusion by NUTS 2 region,A,Annual,PC_POP,Percentage of total population,ES52,Comunitat Valenciana,2018,,30.7,,,,,
dataflow,ESTAT:TGS00107(1.0),People at risk of poverty or social exclusion by NUTS 2 region,A,Annual,PC_POP,Percentage of total population,ES52,Comunitat Valenciana,2019,,28.2,,,,,
dataflow,ESTAT:TGS00107(1.0),People at risk of poverty or social exclusion by NUTS 2 region,A,Annual,PC_POP,Percentage of total population,ES53,Illes Balears,2017,,25.2,,,,,
dataflow,ESTAT:TGS00107(1.0),People at risk of poverty or social exclusion by NUTS 2 region,A,Annual,PC_POP,Percentage of total population,ES53,Illes Balears,2018,,17.3,,,,,
dataflow,ESTAT:TGS00107(1.0),People at risk of poverty or social exclusion by NUTS 2 region,A,Annual,PC_POP,Percentage of total population,ES53,Illes Balears,2019,,16.5,,,,,
dataflow,ESTAT:TGS00107(1.0),People at risk of poverty or social exclusion by NUTS 2 region,A,Annual,PC_POP,Percentage of total population,ES61,Andalucía,2017,,39.0,,,,,
dataflow,ESTAT:TGS00107(1.0),People at risk of poverty or social exclusion by NUTS 2 region,A,Annual,PC_POP,Percentage of total population,ES61,Andalucía,2018,,41.7,,,,,
dataflow,ESTAT:TGS00107(1.0),People at risk of poverty or social exclusion by NUTS 2 region,A,Annual,PC_POP,Percentage of total population,ES61,Andalucía,2019,,39.3,,,,,
dataflow,ESTAT:TGS00107(1.0),People at risk of poverty or social exclusion by NUTS 2 region,A,Annual,PC_POP,Percentage of total population,ES62,Región de Murcia,2017,,35.6,,,,,
dataflow,ESTAT:TGS00107(1.0),People at risk of poverty or social exclusion by NUTS 2 region,A,Annual,PC_POP,Percentage of total population,ES62,Región de Murcia,2018,,33.2,,,,,
dataflow,ESTAT:TGS00107(1.0),People at risk of poverty or social exclusion by NUTS 2 region,A,Annual,PC_POP,Percentage of total population,ES62,Región de Murcia,2019,,33.4,,,,,
dataflow,ESTAT:TGS00107(1.0),People at risk of poverty or social exclusion by NUTS 2 region,A,Annual,PC_POP,Percentage of total population,ES63,Ciudad de Ceuta,2017,,46.9,,,,,
dataflow,ESTAT:TGS00107(1.0),People at risk of poverty or social exclusion by NUTS 2 region,A,Annual,PC_POP,Percentage of total population,ES63,Ciudad de Ceuta,2018,,48.9,,,,,
dataflow,ESTAT:TGS00107(1.0),People at risk of poverty or social exclusion by NUTS 2 region,A,Annual,PC_POP,Percentage of total population,ES63,Ciudad de Ceuta,2019,,49.0,,,,,
dataflow,ESTAT:TGS00107(1.0),People at risk of poverty or social exclusion by NUTS 2 region,A,Annual,PC_POP,Percentage of total population,ES64,Ciudad de Melilla,2017,,30.2,,,,,
dataflow,ESTAT:TGS00107(1.0),People at risk of poverty or social exclusion by NUTS 2 region,A,Annual,PC_POP,Percentage of total population,ES64,Ciudad de Melilla,2018,,23.5,,,,,
dataflow,ESTAT:TGS00107(1.0),People at risk of poverty or social exclusion by NUTS 2 region,A,Annual,PC_POP,Percentage of total population,ES64,Ciudad de Melilla,2019,,39.7,,,,,
dataflow,ESTAT:TGS00107(1.0),People at risk of poverty or social exclusion by NUTS 2 region,A,Annual,PC_POP,Percentage of total population,ES70,Canarias,2017,,39.9,,,,,
dataflow,ESTAT:TGS00107(1.0),People at risk of poverty or social exclusion by NUTS 2 region,A,Annual,PC_POP,Percentage of total population,ES70,Canarias,2018,,39.2,,,,,
dataflow,ESTAT:TGS00107(1.0),People at risk of poverty or social exclusion by NUTS 2 region,A,Annual,PC_POP,Percentage of total population,ES70,Canarias,2019,,38.3,,,,,
dataflow,ESTAT:TGS00107(1.0),People at risk of poverty or social exclusion by NUTS 2 region,A,Annual,PC_POP,Percentage of total population,FI1B,Helsinki-Uusimaa,2017,,12.0,,,,,
dataflow,ESTAT:TGS00107(1.0),People at risk of poverty or social exclusion by NUTS 2 region,A,Annual,PC_POP,Percentage of total population,FI1B,Helsinki-Uusimaa,2018,,11.1,,,,,
dataflow,ESTAT:TGS00107(1.0),People at risk of poverty or social exclusion by NUTS 2 region,A,Annual,PC_POP,Percentage of total population,FI1B,Helsinki-Uusimaa,2019,,9.4,,b,break in time series,,
dataflow,ESTAT:TGS00107(1.0),People at risk of poverty or social exclusion by NUTS 2 region,A,Annual,PC_POP,Percentage of total population,FI1C,Etelä-Suomi,2017,,16.1,,,,,
dataflow,ESTAT:TGS00107(1.0),People at risk of poverty or social exclusion by NUTS 2 region,A,Annual,PC_POP,Percentage of total population,FI1C,Etelä-Suomi,2018,,17.1,,,,,
dataflow,ESTAT:TGS00107(1.0),People at risk of poverty or social exclusion by NUTS 2 region,A,Annual,PC_POP,Percentage of total population,FI1C,Etelä-Suomi,2019,,14.7,,b,break in time series,,
dataflow,ESTAT:TGS00107(1.0),People at risk of poverty or social exclusion by NUTS 2 region,A,Annual,PC_POP,Percentage of total population,FI1D,Pohjois- ja Itä-Suomi,2017,,17.9,,,,,
dataflow,ESTAT:TGS00107(1.0),People at risk of poverty or social exclusion by NUTS 2 region,A,Annual,PC_POP,Percentage of total population,FI1D,Pohjois- ja Itä-Suomi,2018,,20.3,,,,,
dataflow,ESTAT:TGS00107(1.0),People at risk of poverty or social exclusion by NUTS 2 region,A,Annual,PC_POP,Percentage of total population,FI1D,Pohjois- ja Itä-Suomi,2019,,17.8,,b,break in time series,,
dataflow,ESTAT:TGS00107(1.0),People at risk of poverty or social exclusion by NUTS 2 region,A,Annual,PC_POP,Percentage of total population,HR03,Jadranska Hrvatska,2017,,21.6,,,,,
dataflow,ESTAT:TGS00107(1.0),People at risk of poverty or social exclusion by NUTS 2 region,A,Annual,PC_POP,Percentage of total population,HR03,Jadranska Hrvatska,2018,,21.2,,,,,
dataflow,ESTAT:TGS00107(1.0),People at risk of poverty or social exclusion by NUTS 2 region,A,Annual,PC_POP,Percentage of total population,HR03,Jadranska Hrvatska,2019,,19.4,,,,,
dataflow,ESTAT:TGS00107(1.0),People at risk of poverty or social exclusion by NUTS 2 region,A,Annual,PC_POP,Percentage of total population,HR04,Kontinentalna Hrvatska (NUTS 2016),2017,,24.8,,,,,
dataflow,ESTAT:TGS00107(1.0),People at risk of poverty or social exclusion by NUTS 2 region,A,Annual,PC_POP,Percentage of total population,HR04,Kontinentalna Hrvatska (NUTS 2016),2018,,22.6,,,,,
dataflow,ESTAT:TGS00107(1.0),People at risk of poverty or social exclusion by NUTS 2 region,A,Annual,PC_POP,Percentage of total population,HR04,Kontinentalna Hrvatska (NUTS 2016),2019,,21.6,,,,,
dataflow,ESTAT:TGS00107(1.0),People at risk of poverty or social exclusion by NUTS 2 region,A,Annual,PC_POP,Percentage of total population,HU10,Közép-Magyarország (NUTS 2013),2017,,23.2,,,,,
dataflow,ESTAT:TGS00107(1.0),People at risk of poverty or social exclusion by NUTS 2 region,A,Annual,PC_POP,Percentage of total population,HU11,Budapest,2018,,16.5,,,,,
dataflow,ESTAT:TGS00107(1.0),People at risk of poverty or social exclusion by NUTS 2 region,A,Annual,PC_POP,Percentage of total population,HU11,Budapest,2019,,17.1,,,,,
dataflow,ESTAT:TGS00107(1.0),People at risk of poverty or social exclusion by NUTS 2 region,A,Annual,PC_POP,Percentage of total population,HU12,Pest,2018,,14.3,,,,,
dataflow,ESTAT:TGS00107(1.0),People at risk of poverty or social exclusion by NUTS 2 region,A,Annual,PC_POP,Percentage of total population,HU12,Pest,2019,,20.2,,,,,
dataflow,ESTAT:TGS00107(1.0),People at risk of poverty or social exclusion by NUTS 2 region,A,Annual,PC_POP,Percentage of total population,HU21,Közép-Dunántúl,2017,,20.1,,,,,
dataflow,ESTAT:TGS00107(1.0),People at risk of poverty or social exclusion by NUTS 2 region,A,Annual,PC_POP,Percentage of total population,HU21,Közép-Dunántúl,2018,,15.2,,,,,
dataflow,ESTAT:TGS00107(1.0),People at risk of poverty or social exclusion by NUTS 2 region,A,Annual,PC_POP,Percentage of total population,HU21,Közép-Dunántúl,2019,,12.1,,,,,
dataflow,ESTAT:TGS00107(1.0),People at risk of poverty or social exclusion by NUTS 2 region,A,Annual,PC_POP,Percentage of total population,HU22,Nyugat-Dunántúl,2017,,19.9,,,,,
dataflow,ESTAT:TGS00107(1.0),People at risk of poverty or social exclusion by NUTS 2 region,A,Annual,PC_POP,Percentage of total population,HU22,Nyugat-Dunántúl,2018,,12.4,,,,,
dataflow,ESTAT:TGS00107(1.0),People at risk of poverty or social exclusion by NUTS 2 region,A,Annual,PC_POP,Percentage of total population,HU22,Nyugat-Dunántúl,2019,,17.0,,,,,
dataflow,ESTAT:TGS00107(1.0),People at risk of poverty or social exclusion by NUTS 2 region,A,Annual,PC_POP,Percentage of total population,HU23,Dél-Dunántúl,2017,,30.4,,,,,
dataflow,ESTAT:TGS00107(1.0),People at risk of poverty or social exclusion by NUTS 2 region,A,Annual,PC_POP,Percentage of total population,HU23,Dél-Dunántúl,2018,,26.7,,,,,
dataflow,ESTAT:TGS00107(1.0),People at risk of poverty or social exclusion by NUTS 2 region,A,Annual,PC_POP,Percentage of total population,HU23,Dél-Dunántúl,2019,,25.0,,,,,
dataflow,ESTAT:TGS00107(1.0),People at risk of poverty or social exclusion by NUTS 2 region,A,Annual,PC_POP,Percentage of total population,HU31,Észak-Magyarország,2017,,36.4,,,,,
dataflow,ESTAT:TGS00107(1.0),People at risk of poverty or social exclusion by NUTS 2 region,A,Annual,PC_POP,Percentage of total population,HU31,Észak-Magyarország,2018,,31.3,,,,,
dataflow,ESTAT:TGS00107(1.0),People at risk of poverty or social exclusion by NUTS 2 region,A,Annual,PC_POP,Percentage of total population,HU31,Észak-Magyarország,2019,,26.7,,,,,
dataflow,ESTAT:TGS00107(1.0),People at risk of poverty or social exclusion by NUTS 2 region,A,Annual,PC_POP,Percentage of total population,HU32,Észak-Alföld,2017,,28.4,,,,,
dataflow,ESTAT:TGS00107(1.0),People at risk of poverty or social exclusion by NUTS 2 region,A,Annual,PC_POP,Percentage of total population,HU32,Észak-Alföld,2018,,27.1,,,,,
dataflow,ESTAT:TGS00107(1.0),People at risk of poverty or social exclusion by NUTS 2 region,A,Annual,PC_POP,Percentage of total population,HU32,Észak-Alföld,2019,,26.0,,,,,
dataflow,ESTAT:TGS00107(1.0),People at risk of poverty or social exclusion by NUTS 2 region,A,Annual,PC_POP,Percentage of total population,HU33,Dél-Alföld,2017,,26.4,,,,,
dataflow,ESTAT:TGS00107(1.0),People at risk of poverty or social exclusion by NUTS 2 region,A,Annual,PC_POP,Percentage of total population,HU33,Dél-Alföld,2018,,22.2,,,,,
dataflow,ESTAT:TGS00107(1.0),People at risk of poverty or social exclusion by NUTS 2 region,A,Annual,PC_POP,Percentage of total population,HU33,Dél-Alföld,2019,,16.5,,,,,
dataflow,ESTAT:TGS00107(1.0),People at risk of poverty or social exclusion by NUTS 2 region,A,Annual,PC_POP,Percentage of total population,IE04,Northern and Western,2017,,25.9,,,,,
dataflow,ESTAT:TGS00107(1.0),People at risk of poverty or social exclusion by NUTS 2 region,A,Annual,PC_POP,Percentage of total population,IE04,Northern and Western,2018,,25.2,,,,,
dataflow,ESTAT:TGS00107(1.0),People at risk of poverty or social exclusion by NUTS 2 region,A,Annual,PC_POP,Percentage of total population,IE04,Northern and Western,2019,,26.4,,b,break in time series,,
dataflow,ESTAT:TGS00107(1.0),People at risk of poverty or social exclusion by NUTS 2 region,A,Annual,PC_POP,Percentage of total population,IE05,Southern,2017,,24.0,,,,,
dataflow,ESTAT:TGS00107(1.0),People at risk of poverty or social exclusion by NUTS 2 region,A,Annual,PC_POP,Percentage of total population,IE05,Southern,2018,,22.6,,,,,
dataflow,ESTAT:TGS00107(1.0),People at risk of poverty or social exclusion by NUTS 2 region,A,Annual,PC_POP,Percentage of total population,IE05,Southern,2019,,21.0,,b,break in time series,,
dataflow,ESTAT:TGS00107(1.0),People at risk of poverty or social exclusion by NUTS 2 region,A,Annual,PC_POP,Percentage of total population,IE06,Eastern and Midland,2017,,20.2,,,,,
dataflow,ESTAT:TGS00107(1.0),People at risk of poverty or social exclusion by NUTS 2 region,A,Annual,PC_POP,Percentage of total population,IE06,Eastern and Midland,2018,,17.9,,,,,
dataflow,ESTAT:TGS00107(1.0),People at risk of poverty or social exclusion by NUTS 2 region,A,Annual,PC_POP,Percentage of total population,IE06,Eastern and Midland,2019,,17.4,,b,break in time series,,
dataflow,ESTAT:TGS00107(1.0),People at risk of poverty or social exclusion by NUTS 2 region,A,Annual,PC_POP,Percentage of total population,ITC1,Piemonte,2017,,18.4,,,,,
dataflow,ESTAT:TGS00107(1.0),People at risk of poverty or social exclusion by NUTS 2 region,A,Annual,PC_POP,Percentage of total population,ITC1,Piemonte,2018,,18.4,,,,,
dataflow,ESTAT:TGS00107(1.0),People at risk of poverty or social exclusion by NUTS 2 region,A,Annual,PC_POP,Percentage of total population,ITC1,Piemonte,2019,,16.3,,,,,
dataflow,ESTAT:TGS00107(1.0),People at risk of poverty or social exclusion by NUTS 2 region,A,Annual,PC_POP,Percentage of total population,ITC2,Valle d’Aosta/Vallée d’Aoste,2017,,17.2,,,,,
dataflow,ESTAT:TGS00107(1.0),People at risk of poverty or social exclusion by NUTS 2 region,A,Annual,PC_POP,Percentage of total population,ITC2,Valle d’Aosta/Vallée d’Aoste,2018,,13.1,,,,,
dataflow,ESTAT:TGS00107(1.0),People at risk of poverty or social exclusion by NUTS 2 region,A,Annual,PC_POP,Percentage of total population,ITC2,Valle d’Aosta/Vallée d’Aoste,2019,,8.6,,,,,
dataflow,ESTAT:TGS00107(1.0),People at risk of poverty or social exclusion by NUTS 2 region,A,Annual,PC_POP,Percentage of total population,ITC3,Liguria,2017,,19.0,,,,,
dataflow,ESTAT:TGS00107(1.0),People at risk of poverty or social exclusion by NUTS 2 region,A,Annual,PC_POP,Percentage of total population,ITC3,Liguria,2018,,18.1,,,,,
dataflow,ESTAT:TGS00107(1.0),People at risk of poverty or social exclusion by NUTS 2 region,A,Annual,PC_POP,Percentage of total population,ITC3,Liguria,2019,,17.5,,,,,
dataflow,ESTAT:TGS00107(1.0),People at risk of poverty or social exclusion by NUTS 2 region,A,Annual,PC_POP,Percentage of total population,ITC4,Lombardia,2017,,16.9,,,,,
dataflow,ESTAT:TGS00107(1.0),People at risk of poverty or social exclusion by NUTS 2 region,A,Annual,PC_POP,Percentage of total population,ITC4,Lombardia,2018,,14.9,,,,,
dataflow,ESTAT:TGS00107(1.0),People at risk of poverty or social exclusion by NUTS 2 region,A,Annual,PC_POP,Percentage of total population,ITC4,Lombardia,2019,,16.6,,,,,
dataflow,ESTAT:TGS00107(1.0),People at risk of poverty or social exclusion by NUTS 2 region,A,Annual,PC_POP,Percentage of total population,ITF1,Abruzzo,2017,,28.2,,,,,
dataflow,ESTAT:TGS00107(1.0),People at risk of poverty or social exclusion by NUTS 2 region,A,Annual,PC_POP,Percentage of total population,ITF1,Abruzzo,2018,,25.8,,,,,
dataflow,ESTAT:TGS00107(1.0),People at risk of poverty or social exclusion by NUTS 2 region,A,Annual,PC_POP,Percentage of total population,ITF1,Abruzzo,2019,,24.4,,,,,
dataflow,ESTAT:TGS00107(1.0),People at risk of poverty or social exclusion by NUTS 2 region,A,Annual,PC_POP,Percentage of total population,ITF2,Molise,2017,,35.0,,,,,
dataflow,ESTAT:TGS00107(1.0),People at risk of poverty or social exclusion by NUTS 2 region,A,Annual,PC_POP,Percentage of total population,ITF2,Molise,2018,,25.0,,,,,
dataflow,ESTAT:TGS00107(1.0),People at risk of poverty or social exclusion by NUTS 2 region,A,Annual,PC_POP,Percentage of total population,ITF2,Molise,2019,,33.7,,,,,
dataflow,ESTAT:TGS00107(1.0),People at risk of poverty or social exclusion by NUTS 2 region,A,Annual,PC_POP,Percentage of total population,ITF3,Campania,2017,,43.0,,,,,
dataflow,ESTAT:TGS00107(1.0),People at risk of poverty or social exclusion by NUTS 2 region,A,Annual,PC_POP,Percentage of total population,ITF3,Campania,2018,,48.9,,,,,
dataflow,ESTAT:TGS00107(1.0),People at risk of poverty or social exclusion by NUTS 2 region,A,Annual,PC_POP,Percentage of total population,ITF3,Campania,2019,,48.2,,,,,
dataflow,ESTAT:TGS00107(1.0),People at risk of poverty or social exclusion by NUTS 2 region,A,Annual,PC_POP,Percentage of total population,ITF4,Puglia,2017,,36.7,,,,,
dataflow,ESTAT:TGS00107(1.0),People at risk of poverty or social exclusion by NUTS 2 region,A,Annual,PC_POP,Percentage of total population,ITF4,Puglia,2018,,35.8,,,,,
dataflow,ESTAT:TGS00107(1.0),People at risk of poverty or social exclusion by NUTS 2 region,A,Annual,PC_POP,Percentage of total population,ITF4,Puglia,2019,,37.0,,,,,
dataflow,ESTAT:TGS00107(1.0),People at risk of poverty or social exclusion by NUTS 2 region,A,Annual,PC_POP,Percentage of total population,ITF5,Basilicata,2017,,31.9,,,,,
dataflow,ESTAT:TGS00107(1.0),People at risk of poverty or social exclusion by NUTS 2 region,A,Annual,PC_POP,Percentage of total population,ITF5,Basilicata,2018,,35.2,,,,,
dataflow,ESTAT:TGS00107(1.0),People at risk of poverty or social exclusion by NUTS 2 region,A,Annual,PC_POP,Percentage of total population,ITF5,Basilicata,2019,,33.0,,,,,
dataflow,ESTAT:TGS00107(1.0),People at risk of poverty or social exclusion by NUTS 2 region,A,Annual,PC_POP,Percentage of total population,ITF6,Calabria,2017,,43.9,,,,,
dataflow,ESTAT:TGS00107(1.0),People at risk of poverty or social exclusion by NUTS 2 region,A,Annual,PC_POP,Percentage of total population,ITF6,Calabria,2018,,40.7,,,,,
dataflow,ESTAT:TGS00107(1.0),People at risk of poverty or social exclusion by NUTS 2 region,A,Annual,PC_POP,Percentage of total population,ITF6,Calabria,2019,,34.8,,,,,
dataflow,ESTAT:TGS00107(1.0),People at risk of poverty or social exclusion by NUTS 2 region,A,Annual,PC_POP,Percentage of total population,ITG1,Sicilia,2017,,48.9,,,,,
dataflow,ESTAT:TGS00107(1.0),People at risk of poverty or social exclusion by NUTS 2 region,A,Annual,PC_POP,Percentage of total population,ITG1,Sicilia,2018,,49.5,,,,,
dataflow,ESTAT:TGS00107(1.0),People at risk of poverty or social exclusion by NUTS 2 region,A,Annual,PC_POP,Percentage of total population,ITG1,Sicilia,2019,,45.4,,,,,
dataflow,ESTAT:TGS00107(1.0),People at risk of poverty or social exclusion by NUTS 2 region,A,Annual,PC_POP,Percentage of total population,ITG2,Sardegna,2017,,37.2,,,,,
dataflow,ESTAT:TGS00107(1.0),People at risk of poverty or social exclusion by NUTS 2 region,A,Annual,PC_POP,Percentage of total population,ITG2,Sardegna,2018,,33.6,,,,,
dataflow,ESTAT:TGS00107(1.0),People at risk of poverty or social exclusion by NUTS 2 region,A,Annual,PC_POP,Percentage of total population,ITG2,Sardegna,2019,,27.4,,,,,
dataflow,ESTAT:TGS00107(1.0),People at risk of poverty or social exclusion by NUTS 2 region,A,Annual,PC_POP,Percentage of total population,ITH1,Provincia Autonoma di Bolzano/Bozen,2017,,6.3,,,,,
dataflow,ESTAT:TGS00107(1.0),People at risk of poverty or social exclusion by NUTS 2 region,A,Annual,PC_POP,Percentage of total population,ITH1,Provincia Autonoma di Bolzano/Bozen,2018,,12.7,,,,,
dataflow,ESTAT:TGS00107(1.0),People at risk of poverty or social exclusion by NUTS 2 region,A,Annual,PC_POP,Percentage of total population,ITH1,Provincia Autonoma di Bolzano/Bozen,2019,,10.4,,,,,
dataflow,ESTAT:TGS00107(1.0),People at risk of poverty or social exclusion by NUTS 2 region,A,Annual,PC_POP,Percentage of total population,ITH2,Provincia Autonoma di Trento,2017,,17.1,,,,,
dataflow,ESTAT:TGS00107(1.0),People at risk of poverty or social exclusion by NUTS 2 region,A,Annual,PC_POP,Percentage of total population,ITH2,Provincia Autonoma di Trento,2018,,18.8,,,,,
dataflow,ESTAT:TGS00107(1.0),People at risk of poverty or social exclusion by NUTS 2 region,A,Annual,PC_POP,Percentage of total population,ITH2,Provincia Autonoma di Trento,2019,,11.4,,,,,
dataflow,ESTAT:TGS00107(1.0),People at risk of poverty or social exclusion by NUTS 2 region,A,Annual,PC_POP,Percentage of total population,ITH3,Veneto,2017,,13.0,,,,,
dataflow,ESTAT:TGS00107(1.0),People at risk of poverty or social exclusion by NUTS 2 region,A,Annual,PC_POP,Percentage of total population,ITH3,Veneto,2018,,13.2,,,,,
dataflow,ESTAT:TGS00107(1.0),People at risk of poverty or social exclusion by NUTS 2 region,A,Annual,PC_POP,Percentage of total population,ITH3,Veneto,2019,,10.3,,,,,
dataflow,ESTAT:TGS00107(1.0),People at risk of poverty or social exclusion by NUTS 2 region,A,Annual,PC_POP,Percentage of total population,ITH4,Friuli-Venezia Giulia,2017,,13.1,,,,,
dataflow,ESTAT:TGS00107(1.0),People at risk of poverty or social exclusion by NUTS 2 region,A,Annual,PC_POP,Percentage of total population,ITH4,Friuli-Venezia Giulia,2018,,12.2,,,,,
dataflow,ESTAT:TGS00107(1.0),People at risk of poverty or social exclusion by NUTS 2 region,A,Annual,PC_POP,Percentage of total population,ITH4,Friuli-Venezia Giulia,2019,,13.5,,,,,
dataflow,ESTAT:TGS00107(1.0),People at risk of poverty or social exclusion by NUTS 2 region,A,Annual,PC_POP,Percentage of total population,ITH5,Emilia-Romagna,2017,,15.0,,,,,
dataflow,ESTAT:TGS00107(1.0),People at risk of poverty or social exclusion by NUTS 2 region,A,Annual,PC_POP,Percentage of total population,ITH5,Emilia-Romagna,2018,,14.0,,,,,
dataflow,ESTAT:TGS00107(1.0),People at risk of poverty or social exclusion by NUTS 2 region,A,Annual,PC_POP,Percentage of total population,ITH5,Emilia-Romagna,2019,,14.0,,,,,
dataflow,ESTAT:TGS00107(1.0),People at risk of poverty or social exclusion by NUTS 2 region,A,Annual,PC_POP,Percentage of total population,ITI1,Toscana,2017,,17.4,,,,,
dataflow,ESTAT:TGS00107(1.0),People at risk of poverty or social exclusion by NUTS 2 region,A,Annual,PC_POP,Percentage of total population,ITI1,Toscana,2018,,17.9,,,,,
dataflow,ESTAT:TGS00107(1.0),People at risk of poverty or social exclusion by NUTS 2 region,A,Annual,PC_POP,Percentage of total population,ITI1,Toscana,2019,,18.4,,,,,
dataflow,ESTAT:TGS00107(1.0),People at risk of poverty or social exclusion by NUTS 2 region,A,Annual,PC_POP,Percentage of total population,ITI2,Umbria,2017,,16.1,,,,,
dataflow,ESTAT:TGS00107(1.0),People at risk of poverty or social exclusion by NUTS 2 region,A,Annual,PC_POP,Percentage of total population,ITI2,Umbria,2018,,17.0,,,,,
dataflow,ESTAT:TGS00107(1.0),People at risk of poverty or social exclusion by NUTS 2 region,A,Annual,PC_POP,Percentage of total population,ITI2,Umbria,2019,,12.3,,,,,
dataflow,ESTAT:TGS00107(1.0),People at risk of poverty or social exclusion by NUTS 2 region,A,Annual,PC_POP,Percentage of total population,ITI3,Marche,2017,,20.9,,,,,
dataflow,ESTAT:TGS00107(1.0),People at risk of poverty or social exclusion by NUTS 2 region,A,Annual,PC_POP,Percentage of total population,ITI3,Marche,2018,,16.1,,,,,
dataflow,ESTAT:TGS00107(1.0),People at risk of poverty or social exclusion by NUTS 2 region,A,Annual,PC_POP,Percentage of total population,ITI3,Marche,2019,,18.5,,,,,
dataflow,ESTAT:TGS00107(1.0),People at risk of poverty or social exclusion by NUTS 2 region,A,Annual,PC_POP,Percentage of total population,ITI4,Lazio,2017,,26.7,,,,,
dataflow,ESTAT:TGS00107(1.0),People at risk of poverty or social exclusion by NUTS 2 region,A,Annual,PC_POP,Percentage of total population,ITI4,Lazio,2018,,25.7,,,,,
dataflow,ESTAT:TGS00107(1.0),People at risk of poverty or social exclusion by NUTS 2 region,A,Annual,PC_POP,Percentage of total population,ITI4,Lazio,2019,,24.1,,,,,
dataflow,ESTAT:TGS00107(1.0),People at risk of poverty or social exclusion by NUTS 2 region,A,Annual,PC_POP,Percentage of total population,LT01,Sostinės regionas,2017,,23.1,,,,,
dataflow,ESTAT:TGS00107(1.0),People at risk of poverty or social exclusion by NUTS 2 region,A,Annual,PC_POP,Percentage of total population,LT01,Sostinės regionas,2018,,22.2,,,,,
dataflow,ESTAT:TGS00107(1.0),People at risk of poverty or social exclusion by NUTS 2 region,A,Annual,PC_POP,Percentage of total population,LT01,Sostinės regionas,2019,,20.2,,,,,
dataflow,ESTAT:TGS00107(1.0),People at risk of poverty or social exclusion by NUTS 2 region,A,Annual,PC_POP,Percentage of total population,LT02,Vidurio ir vakarų Lietuvos regionas,2017,,32.4,,,,,
dataflow,ESTAT:TGS00107(1.0),People at risk of poverty or social exclusion by NUTS 2 region,A,Annual,PC_POP,Percentage of total population,LT02,Vidurio ir vakarų Lietuvos regionas,2018,,31.1,,,,,
dataflow,ESTAT:TGS00107(1.0),People at risk of poverty or social exclusion by NUTS 2 region,A,Annual,PC_POP,Percentage of total population,LT02,Vidurio ir vakarų Lietuvos regionas,2019,,27.6,,,,,
dataflow,ESTAT:TGS00107(1.0),People at risk of poverty or social exclusion by NUTS 2 region,A,Annual,PC_POP,Percentage of total population,NL11,Groningen,2017,,21.8,,,,,
dataflow,ESTAT:TGS00107(1.0),People at risk of poverty or social exclusion by NUTS 2 region,A,Annual,PC_POP,Percentage of total population,NL11,Groningen,2018,,22.1,,,,,
dataflow,ESTAT:TGS00107(1.0),People at risk of poverty or social exclusion by NUTS 2 region,A,Annual,PC_POP,Percentage of total population,NL11,Groningen,2019,,23.9,,,,,
dataflow,ESTAT:TGS00107(1.0),People at risk of poverty or social exclusion by NUTS 2 region,A,Annual,PC_POP,Percentage of total population,NL12,Friesland (NL),2017,,17.7,,,,,
dataflow,ESTAT:TGS00107(1.0),People at risk of poverty or social exclusion by NUTS 2 region,A,Annual,PC_POP,Percentage of total population,NL12,Friesland (NL),2018,,16.3,,,,,
dataflow,ESTAT:TGS00107(1.0),People at risk of poverty or social exclusion by NUTS 2 region,A,Annual,PC_POP,Percentage of total population,NL12,Friesland (NL),2019,,16.5,,,,,
dataflow,ESTAT:TGS00107(1.0),People at risk of poverty or social exclusion by NUTS 2 region,A,Annual,PC_POP,Percentage of total population,NL13,Drenthe,2017,,16.8,,,,,
dataflow,ESTAT:TGS00107(1.0),People at risk of poverty or social exclusion by NUTS 2 region,A,Annual,PC_POP,Percentage of total population,NL13,Drenthe,2018,,14.8,,,,,
dataflow,ESTAT:TGS00107(1.0),People at risk of poverty or social exclusion by NUTS 2 region,A,Annual,PC_POP,Percentage of total population,NL13,Drenthe,2019,,14.7,,,,,
dataflow,ESTAT:TGS00107(1.0),People at risk of poverty or social exclusion by NUTS 2 region,A,Annual,PC_POP,Percentage of total population,NL21,Overijssel,2017,,16.4,,,,,
dataflow,ESTAT:TGS00107(1.0),People at risk of poverty or social exclusion by NUTS 2 region,A,Annual,PC_POP,Percentage of total population,NL21,Overijssel,2018,,15.7,,,,,
dataflow,ESTAT:TGS00107(1.0),People at risk of poverty or social exclusion by NUTS 2 region,A,Annual,PC_POP,Percentage of total population,NL21,Overijssel,2019,,15.6,,,,,
dataflow,ESTAT:TGS00107(1.0),People at risk of poverty or social exclusion by NUTS 2 region,A,Annual,PC_POP,Percentage of total population,NL22,Gelderland,2017,,15.2,,,,,
dataflow,ESTAT:TGS00107(1.0),People at risk of poverty or social exclusion by NUTS 2 region,A,Annual,PC_POP,Percentage of total population,NL22,Gelderland,2018,,15.2,,,,,
dataflow,ESTAT:TGS00107(1.0),People at risk of poverty or social exclusion by NUTS 2 region,A,Annual,PC_POP,Percentage of total population,NL22,Gelderland,2019,,14.6,,,,,
dataflow,ESTAT:TGS00107(1.0),People at risk of poverty or social exclusion by NUTS 2 region,A,Annual,PC_POP,Percentage of total population,NL23,Flevoland,2017,,17.4,,,,,
dataflow,ESTAT:TGS00107(1.0),People at risk of poverty or social exclusion by NUTS 2 region,A,Annual,PC_POP,Percentage of total population,NL23,Flevoland,2018,,15.6,,,,,
dataflow,ESTAT:TGS00107(1.0),People at risk of poverty or social exclusion by NUTS 2 region,A,Annual,PC_POP,Percentage of total population,NL23,Flevoland,2019,,16.2,,,,,
dataflow,ESTAT:TGS00107(1.0),People at risk of poverty or social exclusion by NUTS 2 region,A,Annual,PC_POP,Percentage of total population,NL31,Utrecht (NUTS 2021),2017,,14.9,,,,,
dataflow,ESTAT:TGS00107(1.0),People at risk of poverty or social exclusion by NUTS 2 region,A,Annual,PC_POP,Percentage of total population,NL31,Utrecht (NUTS 2021),2018,,13.5,,,,,
dataflow,ESTAT:TGS00107(1.0),People at risk of poverty or social exclusion by NUTS 2 region,A,Annual,PC_POP,Percentage of total population,NL31,Utrecht (NUTS 2021),2019,,15.1,,,,,
dataflow,ESTAT:TGS00107(1.0),People at risk of poverty or social exclusion by NUTS 2 region,A,Annual,PC_POP,Percentage of total population,NL32,Noord-Holland,2017,,16.7,,,,,
dataflow,ESTAT:TGS00107(1.0),People at risk of poverty or social exclusion by NUTS 2 region,A,Annual,PC_POP,Percentage of total population,NL32,Noord-Holland,2018,,17.2,,,,,
dataflow,ESTAT:TGS00107(1.0),People at risk of poverty or social exclusion by NUTS 2 region,A,Annual,PC_POP,Percentage of total population,NL32,Noord-Holland,2019,,17.0,,,,,
dataflow,ESTAT:TGS00107(1.0),People at risk of poverty or social exclusion by NUTS 2 region,A,Annual,PC_POP,Percentage of total population,NL33,Zuid-Holland (NUTS 2021),2017,,19.3,,,,,
dataflow,ESTAT:TGS00107(1.0),People at risk of poverty or social exclusion by NUTS 2 region,A,Annual,PC_POP,Percentage of total population,NL33,Zuid-Holland (NUTS 2021),2018,,19.6,,,,,
dataflow,ESTAT:TGS00107(1.0),People at risk of poverty or social exclusion by NUTS 2 region,A,Annual,PC_POP,Percentage of total population,NL33,Zuid-Holland (NUTS 2021),2019,,19.4,,,,,
dataflow,ESTAT:TGS00107(1.0),People at risk of poverty or social exclusion by NUTS 2 region,A,Annual,PC_POP,Percentage of total population,NL34,Zeeland,2017,,12.7,,,,,
dataflow,ESTAT:TGS00107(1.0),People at risk of poverty or social exclusion by NUTS 2 region,A,Annual,PC_POP,Percentage of total population,NL34,Zeeland,2018,,14.0,,,,,
dataflow,ESTAT:TGS00107(1.0),People at risk of poverty or social exclusion by NUTS 2 region,A,Annual,PC_POP,Percentage of total population,NL34,Zeeland,2019,,14.8,,,,,
dataflow,ESTAT:TGS00107(1.0),People at risk of poverty or social exclusion by NUTS 2 region,A,Annual,PC_POP,Percentage of total population,NL41,Noord-Brabant,2017,,14.1,,,,,
dataflow,ESTAT:TGS00107(1.0),People at risk of poverty or social exclusion by NUTS 2 region,A,Annual,PC_POP,Percentage of total population,NL41,Noord-Brabant,2018,,13.4,,,,,
dataflow,ESTAT:TGS00107(1.0),People at risk of poverty or social exclusion by NUTS 2 region,A,Annual,PC_POP,Percentage of total population,NL41,Noord-Brabant,2019,,13.8,,,,,
dataflow,ESTAT:TGS00107(1.0),People at risk of poverty or social exclusion by NUTS 2 region,A,Annual,PC_POP,Percentage of total population,NL42,Limburg (NL),2017,,15.8,,,,,
dataflow,ESTAT:TGS00107(1.0),People at risk of poverty or social exclusion by NUTS 2 region,A,Annual,PC_POP,Percentage of total population,NL42,Limburg (NL),2018,,16.9,,,,,
dataflow,ESTAT:TGS00107(1.0),People at risk of poverty or social exclusion by NUTS 2 region,A,Annual,PC_POP,Percentage of total population,NL42,Limburg (NL),2019,,15.5,,,,,
dataflow,ESTAT:TGS00107(1.0),People at risk of poverty or social exclusion by NUTS 2 region,A,Annual,PC_POP,Percentage of total population,NO01,Oslo og Akershus (statistical region 2016),2017,,15.6,,,,,
dataflow,ESTAT:TGS00107(1.0),People at risk of poverty or social exclusion by NUTS 2 region,A,Annual,PC_POP,Percentage of total population,NO01,Oslo og Akershus (statistical region 2016),2018,,16.4,,,,,
dataflow,ESTAT:TGS00107(1.0),People at risk of poverty or social exclusion by NUTS 2 region,A,Annual,PC_POP,Percentage of total population,NO01,Oslo og Akershus (statistical region 2016),2019,,16.2,,,,,
dataflow,ESTAT:TGS00107(1.0),People at risk of poverty or social exclusion by NUTS 2 region,A,Annual,PC_POP,Percentage of total population,NO02,Innlandet,2017,,14.9,,,,,
dataflow,ESTAT:TGS00107(1.0),People at risk of poverty or social exclusion by NUTS 2 region,A,Annual,PC_POP,Percentage of total population,NO02,Innlandet,2018,,15.1,,,,,
dataflow,ESTAT:TGS00107(1.0),People at risk of poverty or social exclusion by NUTS 2 region,A,Annual,PC_POP,Percentage of total population,NO02,Innlandet,2019,,19.7,,,,,
dataflow,ESTAT:TGS00107(1.0),People at risk of poverty or social exclusion by NUTS 2 region,A,Annual,PC_POP,Percentage of total population,NO03,Sør-Østlandet (statistical region 2016),2017,,12.7,,,,,
dataflow,ESTAT:TGS00107(1.0),People at risk of poverty or social exclusion by NUTS 2 region,A,Annual,PC_POP,Percentage of total population,NO03,Sør-Østlandet (statistical region 2016),2018,,13.6,,,,,
dataflow,ESTAT:TGS00107(1.0),People at risk of poverty or social exclusion by NUTS 2 region,A,Annual,PC_POP,Percentage of total population,NO03,Sør-Østlandet (statistical region 2016),2019,,14.5,,,,,
dataflow,ESTAT:TGS00107(1.0),People at risk of poverty or social exclusion by NUTS 2 region,A,Annual,PC_POP,Percentage of total population,NO04,Agder og Rogaland (statistical region 2016),2017,,14.6,,,,,
dataflow,ESTAT:TGS00107(1.0),People at risk of poverty or social exclusion by NUTS 2 region,A,Annual,PC_POP,Percentage of total population,NO04,Agder og Rogaland (statistical region 2016),2018,,17.5,,,,,
dataflow,ESTAT:TGS00107(1.0),People at risk of poverty or social exclusion by NUTS 2 region,A,Annual,PC_POP,Percentage of total population,NO04,Agder og Rogaland (statistical region 2016),2019,,17.4,,,,,
dataflow,ESTAT:TGS00107(1.0),People at risk of poverty or social exclusion by NUTS 2 region,A,Annual,PC_POP,Percentage of total population,NO05,Vestlandet (statistical region 2016),2017,,17.2,,,,,
dataflow,ESTAT:TGS00107(1.0),People at risk of poverty or social exclusion by NUTS 2 region,A,Annual,PC_POP,Percentage of total population,NO05,Vestlandet (statistical region 2016),2018,,14.7,,,,,
dataflow,ESTAT:TGS00107(1.0),People at risk of poverty or social exclusion by NUTS 2 region,A,Annual,PC_POP,Percentage of total population,NO05,Vestlandet (statistical region 2016),2019,,13.2,,,,,
dataflow,ESTAT:TGS00107(1.0),People at risk of poverty or social exclusion by NUTS 2 region,A,Annual,PC_POP,Percentage of total population,NO06,Trøndelag,2017,,17.1,,,,,
dataflow,ESTAT:TGS00107(1.0),People at risk of poverty or social exclusion by NUTS 2 region,A,Annual,PC_POP,Percentage of total population,NO06,Trøndelag,2018,,15.0,,,,,
dataflow,ESTAT:TGS00107(1.0),People at risk of poverty or social exclusion by NUTS 2 region,A,Annual,PC_POP,Percentage of total population,NO06,Trøndelag,2019,,14.4,,,,,
dataflow,ESTAT:TGS00107(1.0),People at risk of poverty or social exclusion by NUTS 2 region,A,Annual,PC_POP,Percentage of total population,NO07,Nord-Norge,2017,,17.1,,,,,
dataflow,ESTAT:TGS00107(1.0),People at risk of poverty or social exclusion by NUTS 2 region,A,Annual,PC_POP,Percentage of total population,NO07,Nord-Norge,2018,,16.8,,,,,
dataflow,ESTAT:TGS00107(1.0),People at risk of poverty or social exclusion by NUTS 2 region,A,Annual,PC_POP,Percentage of total population,NO07,Nord-Norge,2019,,16.2,,,,,
dataflow,ESTAT:TGS00107(1.0),People at risk of poverty or social exclusion by NUTS 2 region,A,Annual,PC_POP,Percentage of total population,PL21,Małopolskie,2019,,18.1,,,,,
dataflow,ESTAT:TGS00107(1.0),People at risk of poverty or social exclusion by NUTS 2 region,A,Annual,PC_POP,Percentage of total population,PL22,Śląskie,2019,,13.0,,,,,
dataflow,ESTAT:TGS00107(1.0),People at risk of poverty or social exclusion by NUTS 2 region,A,Annual,PC_POP,Percentage of total population,PL41,Wielkopolskie,2019,,17.3,,,,,
dataflow,ESTAT:TGS00107(1.0),People at risk of poverty or social exclusion by NUTS 2 region,A,Annual,PC_POP,Percentage of total population,PL42,Zachodniopomorskie,2019,,16.5,,,,,
dataflow,ESTAT:TGS00107(1.0),People at risk of poverty or social exclusion by NUTS 2 region,A,Annual,PC_POP,Percentage of total population,PL43,Lubuskie,2019,,14.8,,,,,
dataflow,ESTAT:TGS00107(1.0),People at risk of poverty or social exclusion by NUTS 2 region,A,Annual,PC_POP,Percentage of total population,PL51,Dolnośląskie,2019,,14.1,,,,,
dataflow,ESTAT:TGS00107(1.0),People at risk of poverty or social exclusion by NUTS 2 region,A,Annual,PC_POP,Percentage of total population,PL52,Opolskie,2019,,17.8,,,,,
dataflow,ESTAT:TGS00107(1.0),People at risk of poverty or social exclusion by NUTS 2 region,A,Annual,PC_POP,Percentage of total population,PL61,Kujawsko-pomorskie,2019,,22.2,,,,,
dataflow,ESTAT:TGS00107(1.0),People at risk of poverty or social exclusion by NUTS 2 region,A,Annual,PC_POP,Percentage of total population,PL62,Warmińsko-mazurskie,2019,,23.7,,,,,
dataflow,ESTAT:TGS00107(1.0),People at risk of poverty or social exclusion by NUTS 2 region,A,Annual,PC_POP,Percentage of total population,PL63,Pomorskie,2019,,15.0,,,,,
dataflow,ESTAT:TGS00107(1.0),People at risk of poverty or social exclusion by NUTS 2 region,A,Annual,PC_POP,Percentage of total population,PL71,Łódzkie,2019,,17.1,,,,,
dataflow,ESTAT:TGS00107(1.0),People at risk of poverty or social exclusion by NUTS 2 region,A,Annual,PC_POP,Percentage of total population,PL72,Świętokrzyskie,2019,,20.3,,,,,
dataflow,ESTAT:TGS00107(1.0),People at risk of poverty or social exclusion by NUTS 2 region,A,Annual,PC_POP,Percentage of total population,PL81,Lubelskie,2019,,28.5,,,,,
dataflow,ESTAT:TGS00107(1.0),People at risk of poverty or social exclusion by NUTS 2 region,A,Annual,PC_POP,Percentage of total population,PL82,Podkarpackie,2019,,22.1,,,,,
dataflow,ESTAT:TGS00107(1.0),People at risk of poverty or social exclusion by NUTS 2 region,A,Annual,PC_POP,Percentage of total population,PL84,Podlaskie,2019,,20.5,,,,,
dataflow,ESTAT:TGS00107(1.0),People at risk of poverty or social exclusion by NUTS 2 region,A,Annual,PC_POP,Percentage of total population,PL91,Warszawski stołeczny,2019,,12.9,,,,,
dataflow,ESTAT:TGS00107(1.0),People at risk of poverty or social exclusion by NUTS 2 region,A,Annual,PC_POP,Percentage of total population,PL92,Mazowiecki regionalny,2019,,21.1,,,,,
dataflow,ESTAT:TGS00107(1.0),People at risk of poverty or social exclusion by NUTS 2 region,A,Annual,PC_POP,Percentage of total population,PT11,Norte,2018,,23.0,,,,,
dataflow,ESTAT:TGS00107(1.0),People at risk of poverty or social exclusion by NUTS 2 region,A,Annual,PC_POP,Percentage of total population,PT11,Norte,2019,,22.3,,,,,
dataflow,ESTAT:TGS00107(1.0),People at risk of poverty or social exclusion by NUTS 2 region,A,Annual,PC_POP,Percentage of total population,PT15,Algarve,2018,,23.2,,,,,
dataflow,ESTAT:TGS00107(1.0),People at risk of poverty or social exclusion by NUTS 2 region,A,Annual,PC_POP,Percentage of total population,PT15,Algarve,2019,,22.7,,,,,
dataflow,ESTAT:TGS00107(1.0),People at risk of poverty or social exclusion by NUTS 2 region,A,Annual,PC_POP,Percentage of total population,PT16,Centro (PT) (NUTS 2021),2018,,22.8,,,,,
dataflow,ESTAT:TGS00107(1.0),People at risk of poverty or social exclusion by NUTS 2 region,A,Annual,PC_POP,Percentage of total population,PT16,Centro (PT) (NUTS 2021),2019,,20.5,,,,,
dataflow,ESTAT:TGS00107(1.0),People at risk of poverty or social exclusion by NUTS 2 region,A,Annual,PC_POP,Percentage of total population,PT17,Área Metropolitana de Lisboa (NUTS 2021),2018,,16.5,,,,,
dataflow,ESTAT:TGS00107(1.0),People at risk of poverty or social exclusion by NUTS 2 region,A,Annual,PC_POP,Percentage of total population,PT17,Área Metropolitana de Lisboa (NUTS 2021),2019,,17.5,,,,,
dataflow,ESTAT:TGS00107(1.0),People at risk of poverty or social exclusion by NUTS 2 region,A,Annual,PC_POP,Percentage of total population,PT18,Alentejo (NUTS 2021),2018,,21.1,,,,,
dataflow,ESTAT:TGS00107(1.0),People at risk of poverty or social exclusion by NUTS 2 region,A,Annual,PC_POP,Percentage of total population,PT18,Alentejo (NUTS 2021),2019,,21.6,,,,,
dataflow,ESTAT:TGS00107(1.0),People at risk of poverty or social exclusion by NUTS 2 region,A,Annual,PC_POP,Percentage of total population,PT20,Região Autónoma dos Açores,2018,,36.5,,,,,
dataflow,ESTAT:TGS00107(1.0),People at risk of poverty or social exclusion by NUTS 2 region,A,Annual,PC_POP,Percentage of total population,PT20,Região Autónoma dos Açores,2019,,36.7,,,,,
dataflow,ESTAT:TGS00107(1.0),People at risk of poverty or social exclusion by NUTS 2 region,A,Annual,PC_POP,Percentage of total population,PT30,Região Autónoma da Madeira,2018,,31.9,,,,,
dataflow,ESTAT:TGS00107(1.0),People at risk of poverty or social exclusion by NUTS 2 region,A,Annual,PC_POP,Percentage of total population,PT30,Região Autónoma da Madeira,2019,,32.0,,,,,
dataflow,ESTAT:TGS00107(1.0),People at risk of poverty or social exclusion by NUTS 2 region,A,Annual,PC_POP,Percentage of total population,RO11,Nord-Vest,2017,,35.6,,,,,
dataflow,ESTAT:TGS00107(1.0),People at risk of poverty or social exclusion by NUTS 2 region,A,Annual,PC_POP,Percentage of total population,RO11,Nord-Vest,2018,,28.8,,,,,
dataflow,ESTAT:TGS00107(1.0),People at risk of poverty or social exclusion by NUTS 2 region,A,Annual,PC_POP,Percentage of total population,RO11,Nord-Vest,2019,,23.4,,,,,
dataflow,ESTAT:TGS00107(1.0),People at risk of poverty or social exclusion by NUTS 2 region,A,Annual,PC_POP,Percentage of total population,RO12,Centru,2017,,29.7,,,,,
dataflow,ESTAT:TGS00107(1.0),People at risk of poverty or social exclusion by NUTS 2 region,A,Annual,PC_POP,Percentage of total population,RO12,Centru,2018,,27.6,,,,,
dataflow,ESTAT:TGS00107(1.0),People at risk of poverty or social exclusion by NUTS 2 region,A,Annual,PC_POP,Percentage of total population,RO12,Centru,2019,,28.2,,,,,
dataflow,ESTAT:TGS00107(1.0),People at risk of poverty or social exclusion by NUTS 2 region,A,Annual,PC_POP,Percentage of total population,RO21,Nord-Est,2017,,49.6,,,,,
dataflow,ESTAT:TGS00107(1.0),People at risk of poverty or social exclusion by NUTS 2 region,A,Annual,PC_POP,Percentage of total population,RO21,Nord-Est,2018,,49.9,,,,,
dataflow,ESTAT:TGS00107(1.0),People at risk of poverty or social exclusion by NUTS 2 region,A,Annual,PC_POP,Percentage of total population,RO21,Nord-Est,2019,,49.2,,,,,
dataflow,ESTAT:TGS00107(1.0),People at risk of poverty or social exclusion by NUTS 2 region,A,Annual,PC_POP,Percentage of total population,RO22,Sud-Est,2017,,52.4,,,,,
dataflow,ESTAT:TGS00107(1.0),People at risk of poverty or social exclusion by NUTS 2 region,A,Annual,PC_POP,Percentage of total population,RO22,Sud-Est,2018,,50.3,,,,,
dataflow,ESTAT:TGS00107(1.0),People at risk of poverty or social exclusion by NUTS 2 region,A,Annual,PC_POP,Percentage of total population,RO22,Sud-Est,2019,,49.5,,,,,
dataflow,ESTAT:TGS00107(1.0),People at risk of poverty or social exclusion by NUTS 2 region,A,Annual,PC_POP,Percentage of total population,RO31,Sud-Muntenia,2017,,50.2,,,,,
dataflow,ESTAT:TGS00107(1.0),People at risk of poverty or social exclusion by NUTS 2 region,A,Annual,PC_POP,Percentage of total population,RO31,Sud-Muntenia,2018,,45.6,,,,,
dataflow,ESTAT:TGS00107(1.0),People at risk of poverty or social exclusion by NUTS 2 region,A,Annual,PC_POP,Percentage of total population,RO31,Sud-Muntenia,2019,,43.1,,,,,
dataflow,ESTAT:TGS00107(1.0),People at risk of poverty or social exclusion by NUTS 2 region,A,Annual,PC_POP,Percentage of total population,RO32,Bucureşti-Ilfov,2017,,31.8,,,,,
dataflow,ESTAT:TGS00107(1.0),People at risk of poverty or social exclusion by NUTS 2 region,A,Annual,PC_POP,Percentage of total population,RO32,Bucureşti-Ilfov,2018,,28.2,,,,,
dataflow,ESTAT:TGS00107(1.0),People at risk of poverty or social exclusion by NUTS 2 region,A,Annual,PC_POP,Percentage of total population,RO32,Bucureşti-Ilfov,2019,,21.7,,,,,
dataflow,ESTAT:TGS00107(1.0),People at risk of poverty or social exclusion by NUTS 2 region,A,Annual,PC_POP,Percentage of total population,RO41,Sud-Vest Oltenia,2017,,52.5,,,,,
dataflow,ESTAT:TGS00107(1.0),People at risk of poverty or social exclusion by NUTS 2 region,A,Annual,PC_POP,Percentage of total population,RO41,Sud-Vest Oltenia,2018,,47.4,,,,,
dataflow,ESTAT:TGS00107(1.0),People at risk of poverty or social exclusion by NUTS 2 region,A,Annual,PC_POP,Percentage of total population,RO41,Sud-Vest Oltenia,2019,,42.2,,,,,
dataflow,ESTAT:TGS00107(1.0),People at risk of poverty or social exclusion by NUTS 2 region,A,Annual,PC_POP,Percentage of total population,RO42,Vest,2017,,31.8,,,,,
dataflow,ESTAT:TGS00107(1.0),People at risk of poverty or social exclusion by NUTS 2 region,A,Annual,PC_POP,Percentage of total population,RO42,Vest,2018,,24.2,,,,,
dataflow,ESTAT:TGS00107(1.0),People at risk of poverty or social exclusion by NUTS 2 region,A,Annual,PC_POP,Percentage of total population,RO42,Vest,2019,,24.0,,,,,
dataflow,ESTAT:TGS00107(1.0),People at risk of poverty or social exclusion by NUTS 2 region,A,Annual,PC_POP,Percentage of total population,SE11,Stockholm,2017,,14.1,,,,,
dataflow,ESTAT:TGS00107(1.0),People at risk of poverty or social exclusion by NUTS 2 region,A,Annual,PC_POP,Percentage of total population,SE11,Stockholm,2018,,13.6,,,,,
dataflow,ESTAT:TGS00107(1.0),People at risk of poverty or social exclusion by NUTS 2 region,A,Annual,PC_POP,Percentage of total population,SE11,Stockholm,2019,,14.5,,,,,
dataflow,ESTAT:TGS00107(1.0),People at risk of poverty or social exclusion by NUTS 2 region,A,Annual,PC_POP,Percentage of total population,SE12,Östra Mellansverige,2017,,16.7,,,,,
dataflow,ESTAT:TGS00107(1.0),People at risk of poverty or social exclusion by NUTS 2 region,A,Annual,PC_POP,Percentage of total population,SE12,Östra Mellansverige,2018,,16.5,,,,,
dataflow,ESTAT:TGS00107(1.0),People at risk of poverty or social exclusion by NUTS 2 region,A,Annual,PC_POP,Percentage of total population,SE12,Östra Mellansverige,2019,,18.4,,,,,
dataflow,ESTAT:TGS00107(1.0),People at risk of poverty or social exclusion by NUTS 2 region,A,Annual,PC_POP,Percentage of total population,SE21,Småland med öarna,2017,,14.0,,,,,
dataflow,ESTAT:TGS00107(1.0),People at risk of poverty or social exclusion by NUTS 2 region,A,Annual,PC_POP,Percentage of total population,SE21,Småland med öarna,2018,,16.9,,,,,
dataflow,ESTAT:TGS00107(1.0),People at risk of poverty or social exclusion by NUTS 2 region,A,Annual,PC_POP,Percentage of total population,SE21,Småland med öarna,2019,,16.3,,,,,
dataflow,ESTAT:TGS00107(1.0),People at risk of poverty or social exclusion by NUTS 2 region,A,Annual,PC_POP,Percentage of total population,SE22,Sydsverige,2017,,21.9,,,,,
dataflow,ESTAT:TGS00107(1.0),People at risk of poverty or social exclusion by NUTS 2 region,A,Annual,PC_POP,Percentage of total population,SE22,Sydsverige,2018,,26.2,,,,,
dataflow,ESTAT:TGS00107(1.0),People at risk of poverty or social exclusion by NUTS 2 region,A,Annual,PC_POP,Percentage of total population,SE22,Sydsverige,2019,,24.7,,,,,
dataflow,ESTAT:TGS00107(1.0),People at risk of poverty or social exclusion by NUTS 2 region,A,Annual,PC_POP,Percentage of total population,SE23,Västsverige,2017,,18.2,,,,,
dataflow,ESTAT:TGS00107(1.0),People at risk of poverty or social exclusion by NUTS 2 region,A,Annual,PC_POP,Percentage of total population,SE23,Västsverige,2018,,16.6,,,,,
dataflow,ESTAT:TGS00107(1.0),People at risk of poverty or social exclusion by NUTS 2 region,A,Annual,PC_POP,Percentage of total population,SE23,Västsverige,2019,,18.7,,,,,
dataflow,ESTAT:TGS00107(1.0),People at risk of poverty or social exclusion by NUTS 2 region,A,Annual,PC_POP,Percentage of total population,SE31,Norra Mellansverige,2017,,20.3,,,,,
dataflow,ESTAT:TGS00107(1.0),People at risk of poverty or social exclusion by NUTS 2 region,A,Annual,PC_POP,Percentage of total population,SE31,Norra Mellansverige,2018,,19.5,,,,,
dataflow,ESTAT:TGS00107(1.0),People at risk of poverty or social exclusion by NUTS 2 region,A,Annual,PC_POP,Percentage of total population,SE31,Norra Mellansverige,2019,,18.2,,,,,
dataflow,ESTAT:TGS00107(1.0),People at risk of poverty or social exclusion by NUTS 2 region,A,Annual,PC_POP,Percentage of total population,SE32,Mellersta Norrland,2017,,16.7,,,,,
dataflow,ESTAT:TGS00107(1.0),People at risk of poverty or social exclusion by NUTS 2 region,A,Annual,PC_POP,Percentage of total population,SE32,Mellersta Norrland,2018,,18.4,,,,,
dataflow,ESTAT:TGS00107(1.0),People at risk of poverty or social exclusion by NUTS 2 region,A,Annual,PC_POP,Percentage of total population,SE32,Mellersta Norrland,2019,,23.6,,,,,
dataflow,ESTAT:TGS00107(1.0),People at risk of poverty or social exclusion by NUTS 2 region,A,Annual,PC_POP,Percentage of total population,SE33,Övre Norrland,2017,,15.3,,,,,
dataflow,ESTAT:TGS00107(1.0),People at risk of poverty or social exclusion by NUTS 2 region,A,Annual,PC_POP,Percentage of total population,SE33,Övre Norrland,2018,,17.4,,,,,
dataflow,ESTAT:TGS00107(1.0),People at risk of poverty or social exclusion by NUTS 2 region,A,Annual,PC_POP,Percentage of total population,SE33,Övre Norrland,2019,,16.3,,,,,
dataflow,ESTAT:TGS00107(1.0),People at risk of poverty or social exclusion by NUTS 2 region,A,Annual,PC_POP,Percentage of total population,SI01,Vzhodna Slovenija (NUTS 2010),2017,,18.6,,,,,
dataflow,ESTAT:TGS00107(1.0),People at risk of poverty or social exclusion by NUTS 2 region,A,Annual,PC_POP,Percentage of total population,SI02,Zahodna Slovenija (NUTS 2010),2017,,14.1,,,,,
dataflow,ESTAT:TGS00107(1.0),People at risk of poverty or social exclusion by NUTS 2 region,A,Annual,PC_POP,Percentage of total population,SI03,Vzhodna Slovenija,2018,,17.3,,,,,
dataflow,ESTAT:TGS00107(1.0),People at risk of poverty or social exclusion by NUTS 2 region,A,Annual,PC_POP,Percentage of total population,SI03,Vzhodna Slovenija,2019,,16.3,,,,,
dataflow,ESTAT:TGS00107(1.0),People at risk of poverty or social exclusion by NUTS 2 region,A,Annual,PC_POP,Percentage of total population,SI04,Zahodna Slovenija,2018,,13.3,,,,,
dataflow,ESTAT:TGS00107(1.0),People at risk of poverty or social exclusion by NUTS 2 region,A,Annual,PC_POP,Percentage of total population,SI04,Zahodna Slovenija,2019,,10.8,,,,,
dataflow,ESTAT:TGS00107(1.0),People at risk of poverty or social exclusion by NUTS 2 region,A,Annual,PC_POP,Percentage of total population,SK01,Bratislavský kraj,2017,,9.9,,,,,
dataflow,ESTAT:TGS00107(1.0),People at risk of poverty or social exclusion by NUTS 2 region,A,Annual,PC_POP,Percentage of total population,SK01,Bratislavský kraj,2018,,7.3,,,,,
dataflow,ESTAT:TGS00107(1.0),People at risk of poverty or social exclusion by NUTS 2 region,A,Annual,PC_POP,Percentage of total population,SK01,Bratislavský kraj,2019,,6.8,,,,,
dataflow,ESTAT:TGS00107(1.0),People at risk of poverty or social exclusion by NUTS 2 region,A,Annual,PC_POP,Percentage of total population,SK02,Západné Slovensko,2017,,12.9,,,,,
dataflow,ESTAT:TGS00107(1.0),People at risk of poverty or social exclusion by NUTS 2 region,A,Annual,PC_POP,Percentage of total population,SK02,Západné Slovensko,2018,,10.7,,,,,
dataflow,ESTAT:TGS00107(1.0),People at risk of poverty or social exclusion by NUTS 2 region,A,Annual,PC_POP,Percentage of total population,SK02,Západné Slovensko,2019,,10.2,,,,,
dataflow,ESTAT:TGS00107(1.0),People at risk of poverty or social exclusion by NUTS 2 region,A,Annual,PC_POP,Percentage of total population,SK03,Stredné Slovensko,2017,,17.5,,,,,
dataflow,ESTAT:TGS00107(1.0),People at risk of poverty or social exclusion by NUTS 2 region,A,Annual,PC_POP,Percentage of total population,SK03,Stredné Slovensko,2018,,18.6,,,,,
dataflow,ESTAT:TGS00107(1.0),People at risk of poverty or social exclusion by NUTS 2 region,A,Annual,PC_POP,Percentage of total population,SK03,Stredné Slovensko,2019,,19.3,,,,,
dataflow,ESTAT:TGS00107(1.0),People at risk of poverty or social exclusion by NUTS 2 region,A,Annual,PC_POP,Percentage of total population,SK04,Východné Slovensko,2017,,20.1,,,,,
dataflow,ESTAT:TGS00107(1.0),People at risk of poverty or social exclusion by NUTS 2 region,A,Annual,PC_POP,Percentage of total population,SK04,Východné Slovensko,2018,,20.6,,,,,
dataflow,ESTAT:TGS00107(1.0),People at risk of poverty or social exclusion by NUTS 2 region,A,Annual,PC_POP,Percentage of total population,SK04,Východné Slovensko,2019,,19.7,,,,,
